<?xml version="1.0" encoding="UTF-8"?>
<project-private xmlns="http://www.netbeans.org/ns/project-private/1">
    <editor-bookmarks xmlns="http://www.netbeans.org/ns/editor-bookmarks/2" lastBookmarkId="0"/>
    <open-files xmlns="http://www.netbeans.org/ns/projectui-open-files/2">
        <group>
            <file>file:/C:/Users/arauj/Documents/NetBeansProjects/controleTemas/src/controletemas/Revista.java</file>
            <file>file:/C:/Users/arauj/Documents/NetBeansProjects/controleTemas/src/controletemas/ControleTemas.java</file>
            <file>file:/C:/Users/arauj/Documents/NetBeansProjects/controleTemas/src/controletemas/Artigo.java</file>
        </group>
    </open-files>
</project-private>
